<?xml version="1.0" encoding="UTF-8"?>
<project-private xmlns="http://www.netbeans.org/ns/project-private/1">
    <editor-bookmarks xmlns="http://www.netbeans.org/ns/editor-bookmarks/2" lastBookmarkId="0"/>
    <open-files xmlns="http://www.netbeans.org/ns/projectui-open-files/2">
        <group>
            <file>file:/C:/Users/angge/Desktop/Programas%20en%20java/%5BIPC1%5DProyecto2/src/ipc1/proyecto2/Nodo_Imagen.java</file>
            <file>file:/C:/Users/angge/Desktop/Programas%20en%20java/%5BIPC1%5DProyecto2/src/ipc1/proyecto2/Biblioteca.java</file>
            <file>file:/C:/Users/angge/Desktop/Programas%20en%20java/%5BIPC1%5DProyecto2/src/ipc1/proyecto2/Listas.java</file>
            <file>file:/C:/Users/angge/Desktop/Programas%20en%20java/%5BIPC1%5DProyecto2/src/ipc1/proyecto2/Lista_categoria.java</file>
            <file>file:/C:/Users/angge/Desktop/Programas%20en%20java/%5BIPC1%5DProyecto2/src/ipc1/proyecto2/Nodo_usuario.java</file>
            <file>file:/C:/Users/angge/Desktop/Programas%20en%20java/%5BIPC1%5DProyecto2/src/ipc1/proyecto2/Nodo_categoria.java</file>
            <file>file:/C:/Users/angge/Desktop/Programas%20en%20java/%5BIPC1%5DProyecto2/src/ipc1/proyecto2/Almacenamiento.java</file>
            <file>file:/C:/Users/angge/Desktop/Programas%20en%20java/%5BIPC1%5DProyecto2/src/ipc1/proyecto2/principal.java</file>
            <file>file:/C:/Users/angge/Desktop/Programas%20en%20java/%5BIPC1%5DProyecto2/src/ipc1/proyecto2/Lista_Imagen.java</file>
            <file>file:/C:/Users/angge/Desktop/Programas%20en%20java/%5BIPC1%5DProyecto2/src/ipc1/proyecto2/EstructuraDeDatos.java</file>
        </group>
    </open-files>
</project-private>
